Date,Open,High,Low,Close,Adj Close,Volume
Dec 03 2018,22.48,23.75,22.37,23.71,23.71,139255800.0
Nov 30 2018,21.30,21.36,20.52,21.30,21.30,82370700.0
Nov 29 2018,21.19,21.61,20.73,21.43,21.43,79853700.0
Nov 28 2018,21.82,21.88,20.18,21.34,21.34,134425300.0
Nov 27 2018,19.77,21.45,19.73,21.05,21.05,119230100.0
Nov 26 2018,19.96,20.19,19.11,20.08,20.08,82965000.0
Nov 23 2018,18.61,19.83,18.56,19.38,19.38,54611300.0
Nov 21 2018,20.05,20.31,18.50,18.73,18.73,81585600.0
Nov 20 2018,17.40,19.58,17.18,19.21,19.21,109869400.0
Nov 19 2018,20.40,20.59,19.09,19.11,19.11,93578200.0
Nov 16 2018,19.87,20.97,19.72,20.66,20.66,112376600.0
Nov 15 2018,20.72,21.77,20.42,21.49,21.49,97715500.0
Nov 14 2018,20.18,21.11,19.76,20.81,20.81,106344300.0
Nov 13 2018,19.28,20.02,18.97,19.61,19.61,76126000.0
Nov 12 2018,20.68,20.85,18.80,19.03,19.03,95948200.0
Nov 09 2018,20.77,21.19,20.11,21.03,21.03,85900700.0
Nov 08 2018,21.77,22.08,20.97,21.20,21.20,92387600.0
Nov 07 2018,21.42,22.22,21.07,21.84,21.84,121115800.0
Nov 06 2018,19.50,21.65,19.48,20.68,20.68,144995700.0
Nov 05 2018,20.12,20.18,18.88,19.90,19.90,108016700.0
Nov 02 2018,20.59,21.06,19.47,20.23,20.23,123788000.0
Nov 01 2018,18.41,20.33,18.08,20.22,20.22,136896500.0
Oct 31 2018,17.87,18.34,17.12,18.21,18.21,110463700.0
Oct 30 2018,16.38,17.24,16.17,17.20,17.20,99049400.0
Oct 29 2018,18.21,18.23,16.27,16.85,16.85,94479600.0
Oct 26 2018,18.49,18.78,17.05,17.63,17.63,119689000.0
Oct 25 2018,17.92,20.15,17.72,19.27,19.27,189173700.0
Oct 24 2018,25.04,25.10,22.75,22.79,22.79,134489100.0
Oct 23 2018,24.18,25.26,23.85,25.09,25.09,101763000.0
Oct 22 2018,24.46,25.64,24.09,25.03,25.03,114158900.0
Oct 19 2018,27.03,27.10,23.60,23.66,23.66,130799900.0
Oct 18 2018,27.08,27.75,26.40,26.62,26.62,79623700.0
Oct 17 2018,28.41,28.53,26.92,27.30,27.30,89466900.0
Oct 16 2018,26.63,28.23,26.17,28.18,28.18,92529000.0
Oct 15 2018,26.38,26.77,25.75,26.26,26.26,70523500.0
Oct 12 2018,26.77,26.97,25.67,26.34,26.34,111059400.0
Oct 11 2018,24.74,26.20,24.55,25.30,25.30,147013800.0
Oct 10 2018,27.38,27.40,24.91,25.00,25.00,147682900.0
Oct 09 2018,26.15,27.71,26.00,27.24,27.24,105461800.0
Oct 08 2018,26.73,27.54,25.96,26.46,26.46,103789500.0
Oct 05 2018,28.07,28.47,26.93,27.35,27.35,88008500.0
Oct 04 2018,27.99,28.83,27.37,27.78,27.78,95831200.0
Oct 03 2018,29.04,29.22,26.54,28.43,28.43,190137200.0
Oct 02 2018,30.73,30.82,28.65,29.02,29.02,145276500.0
Oct 01 2018,30.69,31.91,30.25,31.42,31.42,94742900.0
Sep 28 2018,32.24,32.78,29.98,30.89,30.89,165453500.0
Sep 27 2018,31.86,32.63,31.39,32.59,32.59,87934400.0
Sep 26 2018,32.40,32.60,31.72,32.19,32.19,79347300.0
Sep 25 2018,33.18,33.60,32.19,32.57,32.57,118570200.0
Sep 24 2018,31.13,32.65,30.91,32.61,32.61,118332600.0
Sep 21 2018,31.19,32.42,30.91,31.02,31.02,129792900.0
Sep 20 2018,32.10,32.20,30.64,31.18,31.18,123116500.0
Sep 19 2018,31.52,31.83,30.51,31.21,31.21,124287000.0
Sep 18 2018,32.99,33.37,31.20,31.93,31.93,176673200.0
Sep 17 2018,31.75,33.23,31.60,32.43,32.43,180410600.0
Sep 14 2018,31.43,33.09,30.54,32.72,32.72,217762800.0
Sep 13 2018,33.16,34.14,29.87,30.48,30.48,304147100.0
Sep 12 2018,29.91,32.29,29.45,32.21,32.21,197889600.0
Sep 11 2018,30.02,30.59,29.37,30.10,30.10,159902500.0
Sep 10 2018,28.15,29.93,27.84,29.89,29.89,162253800.0
Sep 07 2018,26.96,28.27,26.80,27.38,27.38,123348700.0
Sep 06 2018,28.12,28.58,27.19,27.84,27.84,143942900.0
Sep 05 2018,29.41,29.94,26.84,28.51,28.51,257349000.0
Sep 04 2018,25.62,28.11,25.57,28.06,28.06,192541300.0
Aug 31 2018,24.89,25.24,24.72,25.17,25.17,65206400.0
Aug 30 2018,25.29,25.67,24.76,24.89,24.89,103607300.0
Aug 29 2018,24.36,25.41,24.01,25.20,25.20,143223200.0
Aug 28 2018,25.51,26.18,24.04,25.05,25.05,215771200.0
Aug 27 2018,24.94,27.30,24.63,25.26,25.26,325058400.0
Aug 24 2018,22.91,24.00,22.67,23.98,23.98,164328200.0
Aug 23 2018,21.19,22.32,21.14,22.29,22.29,113444100.0
Aug 22 2018,20.28,20.92,20.21,20.90,20.90,62002700.0
Aug 21 2018,19.98,20.42,19.86,20.40,20.40,55629000.0
Aug 20 2018,19.79,20.08,19.35,19.98,19.98,62983200.0
Aug 17 2018,19.12,19.82,18.73,19.77,19.77,60616600.0
Aug 16 2018,19.86,20.07,19.25,19.33,19.33,69733700.0
Aug 15 2018,19.86,20.10,19.20,19.70,19.70,86355700.0
Aug 14 2018,19.97,20.28,19.63,20.02,20.02,89195500.0
Aug 13 2018,19.16,19.93,19.12,19.73,19.73,81262200.0
Aug 10 2018,19.09,19.48,18.85,19.06,19.06,65821100.0
Aug 09 2018,19.58,19.71,19.08,19.10,19.10,46536400.0
Aug 08 2018,19.46,19.77,19.26,19.58,19.58,52081400.0
Aug 07 2018,19.53,19.71,19.08,19.56,19.56,72822600.0
Aug 06 2018,18.89,19.44,18.46,19.43,19.43,83579700.0
Aug 03 2018,18.94,19.06,18.37,18.49,18.49,53232100.0
Aug 02 2018,18.17,18.83,18.00,18.79,18.79,52867100.0
Aug 01 2018,18.34,18.95,18.32,18.48,18.48,75495200.0
Jul 31 2018,19.35,19.50,18.27,18.33,18.33,118403400.0
Jul 30 2018,19.40,20.18,19.31,19.42,19.42,160823400.0
Jul 27 2018,19.07,19.88,18.31,18.94,18.94,161903800.0
Jul 26 2018,17.16,18.45,16.83,18.35,18.35,192661100.0
Jul 25 2018,16.30,16.39,15.72,16.05,16.05,82604900.0
Jul 24 2018,16.75,16.86,16.11,16.19,16.19,58201500.0
Jul 23 2018,16.47,16.68,15.90,16.66,16.66,44940800.0
Jul 20 2018,16.66,16.88,16.44,16.50,16.50,42879800.0
Jul 19 2018,16.71,16.88,16.55,16.71,16.71,41267800.0
Jul 18 2018,16.94,16.99,16.55,16.85,16.85,40881500.0
Jul 17 2018,16.50,16.88,16.48,16.87,16.87,42313500.0
Jul 16 2018,16.42,17.00,16.41,16.58,16.58,65275300.0
Jul 13 2018,16.68,16.69,16.22,16.27,16.27,40614100.0
Jul 12 2018,16.41,16.79,16.38,16.56,16.56,44188100.0
Jul 11 2018,16.15,16.53,16.02,16.27,16.27,42544100.0
Jul 10 2018,16.59,16.65,16.31,16.55,16.55,37093000.0
Jul 09 2018,16.73,16.84,16.17,16.61,16.61,58525500.0
Jul 06 2018,15.52,16.39,15.48,16.36,16.36,65101700.0
Jul 05 2018,15.13,15.50,15.02,15.50,15.50,40703300.0
Jul 03 2018,15.21,15.34,14.96,15.00,15.00,32094000.0
Jul 02 2018,14.80,15.18,14.74,15.16,15.16,43398800.0
Jun 29 2018,15.41,15.49,14.98,14.99,14.99,41527800.0
Jun 28 2018,14.85,15.36,14.75,15.31,15.31,48716800.0
Jun 27 2018,15.65,15.76,14.96,14.97,14.97,56014300.0
Jun 26 2018,15.32,15.60,15.10,15.50,15.50,54213500.0
Jun 25 2018,15.64,15.74,14.54,15.11,15.11,94418400.0
Jun 22 2018,15.78,15.91,15.56,15.80,15.80,59257100.0
Jun 21 2018,16.65,16.87,15.46,15.65,15.65,95638400.0
Jun 20 2018,16.83,17.13,16.37,16.52,16.52,76280600.0
Jun 19 2018,16.85,17.29,16.31,16.69,16.69,92542900.0
Jun 18 2018,16.18,17.34,16.13,17.11,17.11,104317400.0
Jun 15 2018,16.06,16.52,15.82,16.34,16.34,77612200.0
Jun 14 2018,16.62,16.79,15.58,16.25,16.25,113048600.0
Jun 13 2018,15.81,16.52,15.78,16.32,16.32,90227300.0
Jun 12 2018,15.84,15.95,15.43,15.85,15.85,67002600.0
Jun 11 2018,15.21,15.89,15.01,15.73,15.73,80737600.0
Jun 08 2018,14.52,15.33,14.31,15.25,15.25,81930500.0
Jun 07 2018,15.83,15.97,14.85,14.89,14.89,99860300.0
Jun 06 2018,15.07,15.74,15.04,15.67,15.67,97089000.0
Jun 05 2018,14.85,14.92,14.63,14.85,14.85,56122700.0
Jun 04 2018,14.76,14.98,14.52,14.85,14.85,74244700.0
Jun 01 2018,13.98,14.40,13.92,14.40,14.40,71227400.0
May 31 2018,13.74,13.93,13.69,13.73,13.73,46797700.0
May 30 2018,13.48,13.95,13.48,13.82,13.82,58186400.0
May 29 2018,13.45,13.63,13.26,13.36,13.36,39339400.0
May 25 2018,13.40,13.72,13.36,13.54,13.54,43850100.0
May 24 2018,13.06,13.43,13.03,13.41,13.41,47181300.0
May 23 2018,12.93,13.18,12.90,13.10,13.10,44388300.0
May 22 2018,13.00,13.14,12.71,12.98,12.98,43267000.0
May 21 2018,13.25,13.31,12.88,12.99,12.99,49714200.0
May 18 2018,13.06,13.26,12.91,13.00,13.00,54063400.0
May 17 2018,12.79,12.90,12.66,12.82,12.82,38692500.0
May 16 2018,12.64,12.98,12.62,12.82,12.82,73364000.0
May 15 2018,12.18,12.46,12.16,12.45,12.45,44183200.0
May 14 2018,12.14,12.36,12.11,12.23,12.23,50263800.0
May 11 2018,11.89,12.03,11.69,11.95,11.95,43863700.0
May 10 2018,11.98,12.18,11.95,12.13,12.13,49744500.0
May 09 2018,11.65,11.98,11.57,11.95,11.95,49605700.0
May 08 2018,11.49,11.66,11.40,11.61,11.61,35218400.0
May 07 2018,11.32,11.68,11.30,11.59,11.59,54001700.0
May 04 2018,10.88,11.29,10.87,11.28,11.28,47884900.0
May 03 2018,10.90,11.06,10.83,10.93,10.93,33310600.0
May 02 2018,11.10,11.16,10.97,10.97,10.97,29267300.0
May 01 2018,10.83,11.15,10.77,11.13,11.13,43441600.0
Apr 30 2018,11.06,11.14,10.87,10.88,10.88,50608800.0
Apr 27 2018,11.20,11.36,11.02,11.11,11.11,74347800.0
Apr 26 2018,10.87,11.19,10.61,11.04,11.04,145284100.0
Apr 25 2018,10.06,10.09,9.56,9.71,9.71,90578000.0
Apr 24 2018,10.19,10.35,9.95,10.09,10.09,44992200.0
Apr 23 2018,10.09,10.19,9.97,10.04,10.04,42971300.0
Apr 20 2018,10.05,10.14,9.95,9.99,9.99,39011900.0
Apr 19 2018,10.18,10.33,9.99,10.11,10.11,57841600.0
Apr 18 2018,10.51,10.65,10.33,10.36,10.36,42449600.0
Apr 17 2018,10.28,10.53,10.20,10.52,10.52,45360300.0
Apr 16 2018,10.00,10.17,9.90,10.09,10.09,28875100.0
Apr 13 2018,10.20,10.22,9.88,9.93,9.93,38935700.0
Apr 12 2018,9.98,10.10,9.82,10.08,10.08,47784400.0
Apr 11 2018,9.87,10.03,9.79,9.82,9.82,29169300.0
Apr 10 2018,9.75,10.04,9.71,9.98,9.98,42849200.0
Apr 09 2018,9.75,9.84,9.52,9.53,9.53,38382600.0
Apr 06 2018,9.83,10.10,9.50,9.61,9.61,51087100.0
Apr 05 2018,10.05,10.20,9.91,10.02,10.02,65758800.0
Apr 04 2018,9.08,9.81,9.04,9.77,9.77,67356900.0
Apr 03 2018,9.63,9.77,9.30,9.55,9.55,54891600.0
Apr 02 2018,9.99,10.14,9.51,9.53,9.53,64824600.0
Mar 29 2018,9.94,10.08,9.81,10.05,10.05,48681400.0
Mar 28 2018,9.99,10.17,9.79,9.81,9.81,64832100.0
Mar 27 2018,10.51,10.59,9.90,10.00,10.00,68551300.0
Mar 26 2018,10.71,10.80,10.18,10.44,10.44,75878500.0
Mar 23 2018,10.91,10.97,10.57,10.63,10.63,54844500.0
Mar 22 2018,11.10,11.26,10.85,10.91,10.91,59944200.0
Mar 21 2018,11.16,11.34,11.11,11.26,11.26,44691700.0
Mar 20 2018,11.41,11.52,11.00,11.11,11.11,65116900.0
Mar 19 2018,11.41,11.74,11.35,11.43,11.43,53308600.0
Mar 16 2018,11.49,11.55,11.32,11.47,11.47,37591000.0
Mar 15 2018,11.43,11.55,11.19,11.46,11.46,66373900.0
Mar 14 2018,11.70,11.72,11.26,11.36,11.36,80540800.0
Mar 13 2018,11.50,12.04,11.10,11.64,11.64,174302600.0
Mar 12 2018,11.76,11.82,11.48,11.52,11.52,83748700.0
Mar 09 2018,12.03,12.04,11.58,11.70,11.70,89674400.0
Mar 08 2018,12.40,12.59,11.74,11.97,11.97,76011200.0
Mar 07 2018,11.58,12.82,11.55,12.24,12.24,127603200.0
Mar 06 2018,12.01,12.05,11.71,11.76,11.76,46751200.0
Mar 05 2018,11.69,12.06,11.61,11.91,11.91,43734800.0
Mar 02 2018,11.67,11.93,11.43,11.81,11.81,58123500.0
Mar 01 2018,12.26,12.27,11.66,11.90,11.90,63207400.0
Feb 28 2018,12.66,12.73,12.10,12.11,12.11,43387500.0
Feb 27 2018,12.43,12.88,12.39,12.53,12.53,55975300.0
Feb 26 2018,12.14,12.43,12.05,12.42,12.42,42265200.0
Feb 23 2018,11.95,12.16,11.94,12.07,12.07,33317600.0
Feb 22 2018,11.82,12.00,11.63,11.84,11.84,37886300.0
Feb 21 2018,12.12,12.12,11.72,11.72,11.72,40195800.0
Feb 20 2018,11.72,12.19,11.71,12.02,12.02,47096500.0
Feb 16 2018,12.11,12.23,11.82,11.82,11.82,47332300.0
Feb 15 2018,12.40,12.63,12.07,12.19,12.19,59593800.0
Feb 14 2018,11.72,12.31,11.63,12.20,12.20,51756800.0
Feb 13 2018,11.60,11.82,11.53,11.78,11.78,33661400.0
Feb 12 2018,11.47,11.80,11.43,11.68,11.68,63160900.0
Feb 09 2018,11.54,11.57,10.63,11.31,11.31,85458200.0
Feb 08 2018,11.72,11.85,11.21,11.22,11.22,56471800.0
Feb 07 2018,11.70,11.90,11.53,11.60,11.60,55758400.0
Feb 06 2018,11.04,11.74,11.00,11.65,11.65,87123200.0
Feb 05 2018,12.05,12.18,10.93,11.57,11.57,116568900.0
Feb 02 2018,13.05,13.06,12.43,12.45,12.45,79432600.0
Feb 01 2018,13.62,13.84,13.21,13.25,13.25,67543300.0
Jan 31 2018,13.24,13.85,13.15,13.74,13.74,140977800.0
Jan 30 2018,13.12,13.27,12.69,12.87,12.87,91236400.0
Jan 29 2018,13.13,13.47,13.05,13.32,13.32,66645400.0
Jan 26 2018,12.70,12.95,12.62,12.95,12.95,44239000.0
Jan 25 2018,12.78,12.94,12.32,12.41,12.41,42966600.0
Jan 24 2018,13.02,13.05,12.60,12.71,12.71,41956400.0
Jan 23 2018,12.82,13.00,12.76,12.94,12.94,46417200.0
Jan 22 2018,12.61,12.74,12.37,12.65,12.65,34758600.0
Jan 19 2018,12.56,12.88,12.54,12.59,12.59,46800700.0
Jan 18 2018,12.18,12.68,12.15,12.47,12.47,62086200.0
Jan 17 2018,11.90,12.19,11.82,12.18,12.18,38833900.0
Jan 16 2018,12.05,12.20,11.80,11.91,11.91,42686600.0
Jan 12 2018,11.82,12.07,11.80,12.02,12.02,47149300.0
Jan 11 2018,12.07,12.19,11.90,12.14,12.14,38354900.0
Jan 10 2018,11.63,12.15,11.56,11.96,11.96,52561200.0
Jan 09 2018,12.00,12.02,11.71,11.82,11.82,62560900.0
Jan 08 2018,12.01,12.30,11.85,12.28,12.28,63346000.0
Jan 05 2018,12.19,12.22,11.66,11.88,11.88,63808900.0
Jan 04 2018,12.10,12.43,11.97,12.12,12.12,109503000.0
Jan 03 2018,11.61,12.14,11.36,11.55,11.55,154066700.0
Jan 02 2018,10.42,11.02,10.34,10.98,10.98,44146300.0
Dec 29 2017,10.57,10.58,10.27,10.28,10.28,26678900.0
Dec 28 2017,10.57,10.64,10.43,10.55,10.55,18609400.0
Dec 27 2017,10.45,10.74,10.40,10.53,10.53,22921800.0
Dec 26 2017,10.38,10.58,10.34,10.46,10.46,20437900.0
Dec 22 2017,10.75,10.77,10.20,10.54,10.54,50744500.0
Dec 21 2017,10.98,11.08,10.87,10.89,10.89,21884300.0
Dec 20 2017,11.10,11.18,10.80,10.98,10.98,31420300.0
Dec 19 2017,11.00,11.19,10.87,10.95,10.95,43852900.0
Dec 18 2017,10.60,11.00,10.51,10.98,10.98,63797700.0
Dec 15 2017,10.13,10.32,10.02,10.29,10.29,45462300.0
Dec 14 2017,10.10,10.17,9.96,10.13,10.13,29006800.0
Dec 13 2017,9.97,10.21,9.95,10.11,10.11,41494800.0
Dec 12 2017,10.13,10.14,9.88,9.90,9.90,36211000.0
Dec 11 2017,9.97,10.16,9.96,10.16,10.16,29956400.0
Dec 08 2017,10.15,10.20,9.92,9.94,9.94,34897000.0
Dec 07 2017,10.07,10.19,9.95,10.04,10.04,32665600.0
Dec 06 2017,9.90,10.05,9.71,10.00,10.00,38952200.0
Dec 05 2017,9.89,10.34,9.70,9.91,9.91,67304100.0
Dec 04 2017,10.85,10.86,9.82,10.03,10.03,97328300.0
Dec 01 2017,10.81,10.97,10.53,10.73,10.73,42128800.0
Nov 30 2017,10.87,11.03,10.76,10.89,10.89,43205000.0
Nov 29 2017,11.08,11.17,10.73,10.83,10.83,63333800.0
Nov 28 2017,11.45,11.54,11.00,11.17,11.17,65325700.0
Nov 27 2017,11.34,11.74,11.34,11.55,11.55,41798300.0
Nov 24 2017,11.38,11.42,11.30,11.38,11.38,11035800.0
Nov 22 2017,11.41,11.49,11.30,11.37,11.37,23816500.0
Nov 21 2017,11.42,11.49,11.24,11.40,11.40,31881700.0
Nov 20 2017,11.47,11.51,11.19,11.34,11.34,35960200.0
Nov 17 2017,11.30,11.75,11.28,11.38,11.38,56775600.0
Nov 16 2017,11.13,11.32,11.13,11.25,11.25,31800400.0
Nov 15 2017,11.01,11.13,10.77,11.07,11.07,33524700.0
Nov 14 2017,11.03,11.26,11.00,11.12,11.12,37245000.0
Nov 13 2017,11.18,11.20,10.92,11.09,11.09,54068300.0
Nov 10 2017,11.22,11.43,11.12,11.26,11.26,50209900.0
Nov 09 2017,11.25,11.35,11.03,11.12,11.12,76821200.0
Nov 08 2017,11.94,11.95,11.51,11.71,11.71,59065000.0
Nov 07 2017,11.94,12.27,11.92,12.05,12.05,67900200.0
Nov 06 2017,12.04,12.09,11.64,11.93,11.93,96349800.0
Nov 03 2017,10.95,11.13,10.82,11.12,11.12,44264300.0
Nov 02 2017,10.87,10.99,10.66,10.85,10.85,47942500.0
Nov 01 2017,11.25,11.29,10.72,10.80,10.80,66875500.0
Oct 31 2017,10.76,11.31,10.69,10.99,10.99,78600000.0
Oct 30 2017,11.26,11.42,10.65,10.89,10.89,137785100.0
Oct 27 2017,12.17,12.19,11.35,11.84,11.84,115650400.0
Oct 26 2017,12.45,12.46,12.00,12.01,12.01,87625400.0
Oct 25 2017,12.95,13.13,12.29,12.33,12.33,166762100.0
Oct 24 2017,14.20,14.36,14.15,14.25,14.25,84891600.0
Oct 23 2017,13.94,14.19,13.90,14.10,14.10,49838000.0
Oct 20 2017,14.03,14.09,13.80,13.81,13.81,32538900.0
Oct 19 2017,13.85,14.04,13.69,13.95,13.95,33795700.0
Oct 18 2017,14.20,14.28,13.76,14.07,14.07,39020300.0
Oct 17 2017,14.24,14.35,14.14,14.16,14.16,28995600.0
Oct 16 2017,14.25,14.35,14.12,14.26,14.26,34136800.0
Oct 13 2017,14.32,14.41,14.12,14.22,14.22,37515800.0
Oct 12 2017,13.85,14.37,13.81,14.20,14.20,69874100.0
Oct 11 2017,13.62,13.96,13.61,13.88,13.88,38746600.0
Oct 10 2017,13.72,13.79,13.44,13.70,13.70,43304000.0
Oct 09 2017,13.26,13.83,13.26,13.47,13.47,54032500.0
Oct 06 2017,13.22,13.39,13.18,13.23,13.23,28258700.0
Oct 05 2017,13.38,13.46,13.21,13.34,13.34,34758600.0
Oct 04 2017,13.31,13.50,13.15,13.31,13.31,42303200.0
Oct 03 2017,12.73,13.48,12.70,13.42,13.42,85174000.0
Oct 02 2017,12.80,12.85,12.62,12.71,12.71,34461100.0
Sep 29 2017,12.77,12.82,12.60,12.75,12.75,33926900.0
Sep 28 2017,12.76,12.84,12.55,12.74,12.74,35812300.0
Sep 27 2017,12.65,12.87,12.50,12.74,12.74,59947200.0
Sep 26 2017,12.85,12.93,12.43,12.45,12.45,68302000.0
Sep 25 2017,13.25,13.28,12.49,12.61,12.61,84172200.0
Sep 22 2017,13.20,13.40,13.12,13.30,13.30,50547000.0
Sep 21 2017,14.00,14.24,13.32,13.41,13.41,166821900.0
Sep 20 2017,13.07,13.80,12.80,13.74,13.74,102682400.0
Sep 19 2017,13.25,13.29,12.88,13.12,13.12,65455200.0
Sep 18 2017,12.77,13.30,12.74,13.08,13.08,83517400.0
Sep 15 2017,12.33,12.66,12.31,12.52,12.52,50337400.0
Sep 14 2017,12.15,12.46,12.11,12.26,12.26,37220200.0
Sep 13 2017,12.22,12.36,12.12,12.22,12.22,37210700.0
Sep 12 2017,12.66,12.68,12.21,12.30,12.30,54413100.0
Sep 11 2017,12.46,12.74,12.40,12.55,12.55,43346100.0
Sep 08 2017,12.57,12.61,12.04,12.25,12.25,60886200.0
Sep 07 2017,12.84,12.94,12.60,12.63,12.63,35816900.0
Sep 06 2017,13.02,13.08,12.75,12.86,12.86,34182400.0
Sep 05 2017,12.88,13.18,12.65,12.92,12.92,51445500.0
Sep 01 2017,13.12,13.49,13.04,13.19,13.19,53158600.0
Aug 31 2017,12.82,13.16,12.79,13.00,13.00,51822100.0
Aug 30 2017,12.19,12.68,12.16,12.67,12.67,43933000.0
Aug 29 2017,12.00,12.18,11.93,12.15,12.15,33618100.0
Aug 28 2017,12.53,12.55,12.16,12.23,12.23,35969600.0
Aug 25 2017,12.51,12.57,12.25,12.43,12.43,29732000.0
Aug 24 2017,12.69,12.71,12.39,12.50,12.50,37269700.0
Aug 23 2017,12.00,12.54,11.95,12.48,12.48,44345400.0
Aug 22 2017,12.20,12.33,12.10,12.17,12.17,39033200.0
Aug 21 2017,12.42,12.42,11.86,12.05,12.05,58888500.0
Aug 18 2017,12.43,12.56,12.25,12.37,12.37,37521700.0
Aug 17 2017,12.46,12.65,12.32,12.34,12.34,47371000.0
Aug 16 2017,13.17,13.19,12.52,12.63,12.63,64639400.0
Aug 15 2017,13.01,13.14,12.75,13.02,13.02,57990300.0
Aug 14 2017,12.58,12.85,12.58,12.76,12.76,64236500.0
Aug 11 2017,12.04,12.39,11.88,12.23,12.23,63558800.0
Aug 10 2017,12.70,12.92,12.11,12.12,12.12,83113400.0
Aug 09 2017,12.76,12.89,12.54,12.83,12.83,58861500.0
Aug 08 2017,13.48,13.55,13.08,13.11,13.11,47338000.0
Aug 07 2017,13.33,13.57,13.27,13.43,13.43,57486800.0
Aug 04 2017,13.20,13.36,13.02,13.12,13.12,64254000.0
Aug 03 2017,13.42,13.52,13.08,13.24,13.24,52557400.0
Aug 02 2017,13.81,13.93,13.12,13.37,13.37,67502200.0
Aug 01 2017,13.72,13.86,13.45,13.71,13.71,49149900.0
Jul 31 2017,14.09,14.22,13.47,13.61,13.61,69108700.0
Jul 28 2017,13.85,14.10,13.68,13.95,13.95,66763800.0
Jul 27 2017,14.99,15.04,13.70,14.12,14.12,130303700.0
Jul 26 2017,15.13,15.65,14.40,14.76,14.76,236083000.0
Jul 25 2017,14.29,14.32,13.87,14.11,14.11,98047400.0
Jul 24 2017,14.00,14.44,13.97,14.16,14.16,71014900.0
Jul 21 2017,13.70,14.05,13.62,13.88,13.88,51045700.0
Jul 20 2017,13.61,13.89,13.45,13.80,13.80,47707500.0
Jul 19 2017,13.62,13.74,13.41,13.55,13.55,51957800.0
Jul 18 2017,13.29,13.53,13.15,13.48,13.48,78366500.0
Jul 17 2017,14.03,14.12,13.51,13.80,13.80,71690800.0
Jul 14 2017,13.46,13.93,13.32,13.92,13.92,82084600.0
Jul 13 2017,14.33,14.49,13.43,13.53,13.53,111656900.0
Jul 12 2017,14.17,14.39,13.96,14.29,14.29,78508400.0
Jul 11 2017,13.77,14.10,13.62,13.89,13.89,71102300.0
Jul 10 2017,13.61,13.88,13.27,13.81,13.81,78320200.0
Jul 07 2017,13.27,13.75,13.18,13.36,13.36,88392100.0
Jul 06 2017,12.94,13.32,12.67,13.02,13.02,88927800.0
Jul 05 2017,12.36,13.21,12.32,13.19,13.19,99450200.0
Jul 03 2017,12.57,12.73,12.13,12.15,12.15,39929100.0
Jun 30 2017,12.57,12.83,12.36,12.48,12.48,59267400.0
Jun 29 2017,13.06,13.15,12.45,12.60,12.60,87634400.0
Jun 28 2017,13.65,13.70,13.09,13.23,13.23,85266900.0
Jun 27 2017,13.76,14.04,13.37,13.40,13.40,89319700.0
Jun 26 2017,14.39,14.49,13.84,14.08,14.08,101012500.0
Jun 23 2017,14.15,14.67,13.90,14.17,14.17,200777300.0
Jun 22 2017,14.10,14.50,13.56,14.38,14.38,149594200.0
Jun 21 2017,13.36,14.01,13.13,13.98,13.98,188796100.0
Jun 20 2017,12.19,12.93,12.18,12.64,12.64,118001500.0
Jun 19 2017,11.63,12.12,11.62,11.93,11.93,61803600.0
Jun 16 2017,11.66,11.83,11.28,11.44,11.44,59779500.0
Jun 15 2017,11.34,11.58,11.21,11.50,11.50,61666000.0
Jun 14 2017,11.91,12.05,11.65,11.77,11.77,51909400.0
Jun 13 2017,12.33,12.48,11.67,11.96,11.96,87302300.0
Jun 12 2017,11.75,12.35,11.27,12.09,12.09,125781800.0
Jun 09 2017,13.10,13.40,11.63,12.28,12.28,167454400.0
Jun 08 2017,12.81,12.91,12.40,12.90,12.90,88827300.0
Jun 07 2017,12.42,12.96,12.23,12.38,12.38,151005900.0
Jun 06 2017,11.27,12.24,11.24,12.03,12.03,114998600.0
Jun 05 2017,10.84,11.34,10.80,11.24,11.24,66207300.0
Jun 02 2017,10.93,10.96,10.57,10.90,10.90,43056200.0
Jun 01 2017,11.25,11.29,10.81,10.93,10.93,48002000.0
May 31 2017,11.29,11.49,11.10,11.19,11.19,42929000.0
May 30 2017,10.95,11.27,10.90,11.12,11.12,35339000.0
May 26 2017,10.85,11.02,10.74,11.00,11.00,31907600.0
May 25 2017,11.01,11.01,10.80,10.98,10.98,33584300.0
May 24 2017,11.05,11.06,10.71,10.89,10.89,42903900.0
May 23 2017,10.97,11.06,10.62,10.89,10.89,49799600.0
May 22 2017,11.49,11.55,10.77,11.04,11.04,78696400.0
May 19 2017,11.47,11.62,11.35,11.41,11.41,50319700.0
May 18 2017,10.99,11.49,10.81,11.28,11.28,86900100.0
May 17 2017,11.81,12.29,11.16,11.20,11.20,160109500.0
May 16 2017,11.66,12.77,11.63,12.75,12.75,164186900.0
May 15 2017,11.41,11.60,11.30,11.42,11.42,52565000.0
May 12 2017,11.20,11.40,11.08,11.26,11.26,56072600.0
May 11 2017,10.74,11.26,10.51,11.07,11.07,72946500.0
May 10 2017,10.46,10.85,10.45,10.79,10.79,65995900.0
May 09 2017,10.04,10.40,10.04,10.18,10.18,51017300.0
May 08 2017,10.22,10.22,10.00,10.04,10.04,35101100.0
May 05 2017,10.13,10.26,9.94,10.19,10.19,51759000.0
May 04 2017,10.55,10.55,9.94,10.10,10.10,77031400.0
May 03 2017,10.29,10.68,9.85,10.39,10.39,140899400.0
May 02 2017,11.73,11.76,10.30,10.32,10.32,268336500.0
May 01 2017,13.43,13.63,13.25,13.62,13.62,68036300.0
Apr 28 2017,13.73,13.76,13.16,13.30,13.30,50144600.0
Apr 27 2017,13.43,13.70,13.37,13.62,13.62,31327600.0
Apr 26 2017,13.42,13.53,13.22,13.41,13.41,36644500.0
Apr 25 2017,13.24,13.53,13.16,13.49,13.49,35881000.0
Apr 24 2017,13.23,13.23,13.05,13.13,13.13,36120300.0
Apr 21 2017,13.08,13.12,12.90,13.00,13.00,25689600.0
Apr 20 2017,12.98,13.15,12.88,13.11,13.11,41976100.0
Apr 19 2017,13.09,13.21,12.80,12.84,12.84,36491100.0
Apr 18 2017,12.63,12.97,12.58,12.95,12.95,37172000.0
Apr 17 2017,12.53,12.80,12.37,12.79,12.79,38188200.0
Apr 13 2017,12.51,12.72,12.22,12.31,12.31,53442600.0
Apr 12 2017,12.94,13.10,12.74,12.76,12.76,37385400.0
Apr 11 2017,13.02,13.29,12.71,13.10,13.10,59916600.0
Apr 10 2017,13.52,13.59,13.04,13.10,13.10,47178000.0
Apr 07 2017,13.33,13.68,13.22,13.52,13.52,70441000.0
Apr 06 2017,13.42,13.46,12.83,13.27,13.27,139500100.0
Apr 05 2017,14.28,14.64,14.10,14.17,14.17,58816700.0
Apr 04 2017,14.31,14.67,14.03,14.16,14.16,58413000.0
Apr 03 2017,14.60,14.74,14.30,14.64,14.64,48423700.0
Mar 31 2017,14.10,14.75,14.01,14.55,14.55,84566200.0
Mar 30 2017,13.73,14.05,13.65,14.05,14.05,44132800.0
Mar 29 2017,13.74,13.87,13.63,13.71,13.71,37863500.0
Mar 28 2017,13.75,13.86,13.55,13.69,13.69,37420200.0
Mar 27 2017,13.35,13.78,13.21,13.70,13.70,42686800.0
Mar 24 2017,14.16,14.18,13.54,13.70,13.70,50099500.0
Mar 23 2017,13.96,14.12,13.77,13.79,13.79,44549900.0
Mar 22 2017,13.70,14.15,13.55,14.10,14.10,61239500.0
Mar 21 2017,14.40,14.49,13.78,13.82,13.82,72552700.0
Mar 20 2017,13.68,14.50,13.54,14.40,14.40,91565600.0
Mar 17 2017,13.62,13.74,13.36,13.49,13.49,224892300.0
Mar 16 2017,13.79,13.88,13.65,13.65,13.65,44494800.0
Mar 15 2017,14.03,14.06,13.62,13.98,13.98,55179600.0
Mar 14 2017,14.00,14.15,13.64,14.10,14.10,52554500.0
Mar 13 2017,14.48,14.68,14.18,14.28,14.28,73078100.0
Mar 10 2017,13.50,13.93,13.45,13.91,13.91,65142200.0
Mar 09 2017,13.45,13.45,13.11,13.33,13.33,45244200.0
Mar 08 2017,13.25,13.55,13.10,13.22,13.22,71294700.0
Mar 07 2017,13.07,13.37,12.79,13.05,13.05,76666300.0
Mar 06 2017,13.00,13.34,12.38,13.04,13.04,117192600.0
Mar 03 2017,13.55,13.58,12.79,13.03,13.03,163395900.0
Mar 02 2017,14.59,14.78,13.87,13.90,13.90,104330900.0
Mar 01 2017,15.08,15.09,14.52,14.96,14.96,73450400.0
Feb 28 2017,15.45,15.55,14.35,14.46,14.46,141783000.0
Feb 27 2017,14.27,15.35,14.27,15.20,15.20,95422900.0
Feb 24 2017,14.00,14.32,13.86,14.12,14.12,46288600.0
Feb 23 2017,14.20,14.45,13.82,14.32,14.32,80317600.0
Feb 22 2017,14.30,14.50,14.04,14.28,14.28,71505000.0
Feb 21 2017,13.41,14.10,13.40,14.00,14.00,66357100.0
Feb 17 2017,12.79,13.14,12.60,13.13,13.13,40888000.0
Feb 16 2017,13.25,13.35,12.84,12.97,12.97,52502500.0
Feb 15 2017,13.20,13.44,13.15,13.30,13.30,33722300.0
Feb 14 2017,13.43,13.49,13.19,13.26,13.26,40404300.0
Feb 13 2017,13.70,13.95,13.38,13.49,13.49,57413100.0
Feb 10 2017,13.86,13.86,13.25,13.58,13.58,54579300.0
Feb 09 2017,13.78,13.89,13.40,13.42,13.42,73339900.0
Feb 08 2017,13.21,13.75,13.08,13.56,13.56,75942900.0
Feb 07 2017,14.05,14.27,13.06,13.29,13.29,158683800.0
Feb 06 2017,12.46,13.70,12.38,13.63,13.63,140474100.0
Feb 03 2017,12.37,12.50,12.04,12.24,12.24,60036700.0
Feb 02 2017,11.98,12.66,11.95,12.28,12.28,116324500.0
Feb 01 2017,10.90,12.14,10.81,12.06,12.06,165939300.0
Jan 31 2017,10.60,10.67,10.22,10.37,10.37,53704900.0
Jan 30 2017,10.62,10.68,10.30,10.61,10.61,37725000.0
Jan 27 2017,10.60,10.73,10.52,10.67,10.67,32719200.0
Jan 26 2017,10.35,10.66,10.30,10.52,10.52,35866600.0
Jan 25 2017,10.74,10.98,10.15,10.35,10.35,61778100.0
Jan 24 2017,9.95,10.49,9.95,10.44,10.44,43991200.0
Jan 23 2017,9.68,10.06,9.68,9.91,9.91,27905700.0
Jan 20 2017,9.88,9.96,9.67,9.75,9.75,27982100.0
Jan 19 2017,9.92,10.25,9.75,9.77,9.77,46151300.0
Jan 18 2017,9.54,10.10,9.42,9.88,9.88,51797600.0
Jan 17 2017,10.17,10.23,9.78,9.82,9.82,70275900.0
Jan 13 2017,10.79,10.87,10.56,10.58,10.58,38377500.0
Jan 12 2017,10.98,11.04,10.33,10.76,10.76,75244100.0
Jan 11 2017,11.39,11.41,11.15,11.20,11.20,39377000.0
Jan 10 2017,11.55,11.63,11.33,11.44,11.44,29201600.0
Jan 09 2017,11.37,11.64,11.31,11.49,11.49,37128000.0
Jan 06 2017,11.29,11.49,11.11,11.32,11.32,34453500.0
Jan 05 2017,11.43,11.69,11.23,11.24,11.24,38855200.0
Jan 04 2017,11.45,11.52,11.24,11.43,11.43,40781200.0
Jan 03 2017,11.42,11.65,11.02,11.43,11.43,55182000.0
Dec 30 2016,11.70,11.78,11.25,11.34,11.34,44095400.0
Dec 29 2016,11.24,11.62,11.01,11.59,11.59,50147700.0
Dec 28 2016,12.28,12.42,11.46,11.55,11.55,71254500.0
Dec 27 2016,11.65,12.08,11.60,12.07,12.07,44336500.0
Dec 23 2016,11.30,11.60,11.26,11.58,11.58,32216900.0
Dec 22 2016,11.65,11.75,11.47,11.60,11.60,36450800.0
Dec 21 2016,11.61,11.72,11.31,11.47,11.47,44814100.0
Dec 20 2016,11.19,11.51,11.15,11.51,11.51,59314200.0
Dec 19 2016,10.81,11.00,10.52,10.95,10.95,46085800.0
Dec 16 2016,10.94,11.23,10.60,10.66,10.66,76990000.0
Dec 15 2016,10.68,10.93,10.64,10.86,10.86,48871300.0
Dec 14 2016,10.43,10.74,10.27,10.55,10.55,46968600.0
Dec 13 2016,10.75,10.80,10.40,10.54,10.54,46967800.0
Dec 12 2016,10.40,10.93,10.38,10.68,10.68,63342900.0
Dec 09 2016,10.38,10.54,9.87,10.34,10.34,60600800.0
Dec 08 2016,9.90,10.66,9.80,10.34,10.34,104613000.0
Dec 07 2016,9.65,9.79,9.24,9.56,9.56,54897300.0
Dec 06 2016,8.95,9.54,8.82,9.45,9.45,92242900.0
Dec 05 2016,8.69,8.71,8.45,8.68,8.68,31410100.0
Dec 02 2016,8.38,8.74,8.38,8.53,8.53,42398900.0
Dec 01 2016,8.92,9.03,8.26,8.39,8.39,56682400.0
Nov 30 2016,9.02,9.12,8.90,8.91,8.91,36511900.0
Nov 29 2016,9.00,9.23,8.85,8.93,8.93,54831400.0
Nov 28 2016,8.72,8.98,8.72,8.83,8.83,25907800.0
Nov 25 2016,8.80,8.91,8.69,8.77,8.77,14214100.0
Nov 23 2016,8.72,8.86,8.50,8.80,8.80,34583200.0
Nov 22 2016,9.05,9.06,8.54,8.69,8.69,71312800.0
Nov 21 2016,8.87,9.22,8.86,8.94,8.94,65595900.0
Nov 18 2016,8.68,8.83,8.40,8.71,8.71,62336200.0
Nov 17 2016,7.79,8.77,7.77,8.46,8.46,124235500.0
Nov 16 2016,7.09,7.75,7.07,7.67,7.67,77955700.0
Nov 15 2016,6.82,7.08,6.79,6.97,6.97,28909400.0
Nov 14 2016,6.83,6.84,6.61,6.79,6.79,29566600.0
Nov 11 2016,6.64,6.69,6.47,6.69,6.69,39492200.0
Nov 10 2016,6.82,6.91,6.22,6.30,6.30,71749500.0
Nov 09 2016,6.70,7.05,6.64,6.94,6.94,38479500.0
Nov 08 2016,6.85,7.18,6.75,7.00,7.00,37601100.0
Nov 07 2016,6.79,6.99,6.76,6.96,6.96,36999200.0
Nov 04 2016,6.69,6.72,6.46,6.56,6.56,32215700.0
Nov 03 2016,6.78,6.79,6.56,6.70,6.70,33673600.0
Nov 02 2016,7.03,7.06,6.67,6.76,6.76,33852200.0
Nov 01 2016,7.32,7.43,6.92,7.09,7.09,39906900.0
Oct 31 2016,7.24,7.46,7.20,7.23,7.23,42345900.0
Oct 28 2016,7.10,7.53,7.02,7.20,7.20,77261300.0
Oct 27 2016,7.44,7.46,7.10,7.11,7.11,37804200.0
Oct 26 2016,7.40,7.48,7.26,7.29,7.29,47619300.0
Oct 25 2016,6.90,7.50,6.87,7.50,7.50,78862000.0
Oct 24 2016,6.57,7.01,6.54,7.01,7.01,52998400.0
Oct 21 2016,6.50,6.65,6.37,6.52,6.52,64243500.0
Oct 20 2016,6.81,6.98,6.77,6.96,6.96,64607500.0
Oct 19 2016,6.70,6.80,6.57,6.77,6.77,29420200.0
Oct 18 2016,6.76,6.89,6.69,6.73,6.73,25094200.0
Oct 17 2016,6.92,6.97,6.64,6.67,6.67,24261500.0
Oct 14 2016,6.92,7.12,6.74,6.75,6.75,66934400.0
Oct 13 2016,6.50,6.54,6.24,6.49,6.49,30401700.0
Oct 12 2016,6.64,6.77,6.42,6.62,6.62,33592700.0
Oct 11 2016,6.80,6.84,6.38,6.50,6.50,32510800.0
Oct 10 2016,6.82,6.94,6.80,6.84,6.84,13764700.0
Oct 07 2016,6.92,6.96,6.62,6.75,6.75,33059000.0
Oct 06 2016,6.72,6.98,6.63,6.96,6.96,27059700.0
Oct 05 2016,6.97,7.01,6.70,6.78,6.78,31235600.0
Oct 04 2016,7.00,7.09,6.89,6.97,6.97,25770000.0
Oct 03 2016,6.95,7.15,6.87,6.95,6.95,30456700.0
Sep 30 2016,6.70,7.04,6.70,6.91,6.91,47453100.0
Sep 29 2016,6.57,6.73,6.54,6.67,6.67,30746100.0
Sep 28 2016,6.57,6.65,6.48,6.59,6.59,27878300.0
Sep 27 2016,6.45,6.58,6.29,6.54,6.54,30035900.0
Sep 26 2016,6.54,6.54,6.31,6.32,6.32,29875800.0
Sep 23 2016,6.31,6.65,6.31,6.55,6.55,61022400.0
Sep 22 2016,6.35,6.44,6.33,6.37,6.37,35848200.0
Sep 21 2016,6.20,6.32,6.14,6.29,6.29,33450000.0
Sep 20 2016,6.23,6.28,6.12,6.17,6.17,28990900.0
Sep 19 2016,6.12,6.28,6.08,6.16,6.16,37812400.0
Sep 16 2016,6.22,6.22,5.97,6.05,6.05,47829400.0
Sep 15 2016,6.09,6.20,5.95,6.02,6.02,52669500.0
Sep 14 2016,5.75,6.08,5.75,6.04,6.04,64251100.0
Sep 13 2016,5.92,5.95,5.66,5.74,5.74,50819500.0
Sep 12 2016,5.83,6.07,5.77,5.94,5.94,78014400.0
Sep 09 2016,6.23,6.24,5.85,5.90,5.90,170828000.0
Sep 08 2016,6.64,6.65,6.15,6.23,6.23,90693700.0
Sep 07 2016,7.05,7.07,6.78,6.84,6.84,57721900.0
Sep 06 2016,7.56,7.60,7.25,7.34,7.34,24994600.0
Sep 02 2016,7.49,7.64,7.38,7.51,7.51,18538400.0
Sep 01 2016,7.18,7.44,7.09,7.35,7.35,22284600.0
Aug 31 2016,7.52,7.52,7.28,7.40,7.40,18808800.0
Aug 30 2016,7.61,7.64,7.41,7.49,7.49,16088100.0
Aug 29 2016,7.72,7.79,7.57,7.59,7.59,16891800.0
Aug 26 2016,7.49,7.80,7.46,7.67,7.67,31387900.0
Aug 25 2016,7.49,7.49,7.20,7.47,7.47,16451300.0
Aug 24 2016,7.67,7.67,7.37,7.43,7.43,22943900.0
Aug 23 2016,7.66,7.74,7.53,7.67,7.67,27531100.0
Aug 22 2016,7.83,7.95,7.37,7.58,7.58,41519200.0
Aug 19 2016,7.24,8.00,7.22,7.62,7.62,75129300.0
Aug 18 2016,6.74,7.07,6.73,7.04,7.04,30783300.0
Aug 17 2016,6.70,6.75,6.61,6.68,6.68,13791300.0
Aug 16 2016,6.94,6.94,6.65,6.78,6.78,26768800.0
Aug 15 2016,6.79,6.97,6.78,6.95,6.95,28339400.0
Aug 12 2016,6.60,6.79,6.55,6.73,6.73,25466400.0
Aug 11 2016,6.50,6.59,6.46,6.58,6.58,13099000.0
Aug 10 2016,6.35,6.58,6.25,6.49,6.49,29070700.0
Aug 09 2016,6.75,6.78,6.54,6.60,6.60,16772400.0
Aug 08 2016,6.70,6.85,6.65,6.68,6.68,21462200.0
Aug 05 2016,6.56,6.76,6.47,6.61,6.61,20164000.0
Aug 04 2016,6.39,6.61,6.37,6.47,6.47,22393200.0
Aug 03 2016,6.18,6.45,6.15,6.30,6.30,23807800.0
Aug 02 2016,6.56,6.60,6.15,6.26,6.26,40816400.0
Aug 01 2016,6.89,6.92,6.57,6.64,6.64,26729000.0
Jul 29 2016,6.88,6.96,6.75,6.86,6.86,22580500.0
Jul 28 2016,6.79,6.98,6.74,6.82,6.82,27515600.0
Jul 27 2016,6.93,6.98,6.68,6.85,6.85,38514300.0
Jul 26 2016,6.76,7.16,6.71,6.98,6.98,81230600.0
Jul 25 2016,5.93,6.95,5.92,6.70,6.70,118328600.0
Jul 22 2016,5.73,5.97,5.45,5.84,5.84,101838300.0
Jul 21 2016,5.43,5.45,5.10,5.22,5.22,40242000.0
Jul 20 2016,5.48,5.50,5.40,5.41,5.41,20102400.0
Jul 19 2016,5.50,5.55,5.34,5.41,5.41,23439600.0
Jul 18 2016,5.19,5.57,5.13,5.51,5.51,38619400.0
Jul 15 2016,5.20,5.20,5.10,5.14,5.14,14219300.0
Jul 14 2016,5.15,5.24,5.06,5.17,5.17,20050100.0
Jul 13 2016,5.14,5.19,5.04,5.09,5.09,14032500.0
Jul 12 2016,5.01,5.17,5.01,5.14,5.14,20832500.0
Jul 11 2016,5.13,5.19,5.00,5.01,5.01,21027900.0
Jul 08 2016,4.84,5.15,4.82,5.10,5.10,28140700.0
Jul 07 2016,5.07,5.10,4.94,5.02,5.02,15756700.0
Jul 06 2016,4.91,5.11,4.90,5.04,5.04,19392900.0
Jul 05 2016,5.03,5.05,4.88,4.96,4.96,16332500.0
Jul 01 2016,5.09,5.14,5.00,5.07,5.07,18255900.0
Jun 30 2016,5.13,5.19,4.95,5.14,5.14,26124800.0
Jun 29 2016,5.31,5.40,5.10,5.13,5.13,33118300.0
Jun 28 2016,4.95,5.19,4.91,5.12,5.12,29221400.0
Jun 27 2016,4.88,5.05,4.65,4.72,4.72,31025300.0
Jun 24 2016,4.82,5.07,4.76,4.88,4.88,36735200.0
Jun 23 2016,5.17,5.26,5.05,5.21,5.21,29159200.0
Jun 22 2016,5.46,5.52,4.96,5.02,5.02,47943300.0
Jun 21 2016,5.10,5.50,5.09,5.45,5.45,35864600.0
Jun 20 2016,5.39,5.45,5.09,5.10,5.10,43541300.0
Jun 17 2016,4.75,5.27,4.68,5.26,5.26,64894100.0
Jun 16 2016,4.50,4.75,4.46,4.75,4.75,34182700.0
Jun 15 2016,4.44,4.48,4.30,4.42,4.42,11575300.0
Jun 14 2016,4.40,4.51,4.33,4.39,4.39,16757400.0
Jun 13 2016,4.32,4.48,4.32,4.40,4.40,13540900.0
Jun 10 2016,4.40,4.47,4.30,4.32,4.32,15106500.0
Jun 09 2016,4.41,4.54,4.32,4.52,4.52,16219100.0
Jun 08 2016,4.54,4.56,4.38,4.46,4.46,16074300.0
Jun 07 2016,4.56,4.67,4.47,4.51,4.51,20676200.0
Jun 06 2016,4.20,4.51,4.17,4.47,4.47,21329600.0
Jun 03 2016,4.16,4.20,4.08,4.16,4.16,17561800.0
Jun 02 2016,4.37,4.40,4.07,4.24,4.24,35304700.0
Jun 01 2016,4.60,4.64,4.38,4.43,4.43,29696400.0
May 31 2016,4.67,4.71,4.50,4.57,4.57,25379200.0
May 27 2016,4.39,4.63,4.37,4.60,4.60,34429600.0
May 26 2016,4.19,4.38,4.17,4.35,4.35,22611900.0
May 25 2016,4.24,4.35,4.15,4.18,4.18,24703600.0
May 24 2016,4.09,4.21,3.92,4.20,4.20,34283900.0
May 23 2016,3.90,4.20,3.88,4.04,4.04,35434300.0
May 20 2016,3.83,3.90,3.81,3.87,3.87,13799600.0
May 19 2016,3.83,3.85,3.69,3.77,3.77,17696900.0
May 18 2016,3.79,3.97,3.77,3.84,3.84,19506900.0
May 17 2016,3.80,3.98,3.69,3.79,3.79,20066100.0
May 16 2016,3.67,3.85,3.65,3.79,3.79,14703800.0
May 13 2016,3.56,3.73,3.55,3.67,3.67,16470100.0
May 12 2016,3.65,3.68,3.55,3.59,3.59,9255800.0
May 11 2016,3.61,3.68,3.60,3.65,3.65,7540300.0
May 10 2016,3.66,3.68,3.56,3.64,3.64,9411300.0
May 09 2016,3.66,3.68,3.45,3.65,3.65,16299400.0
May 06 2016,3.65,3.75,3.64,3.68,3.68,11839300.0
May 05 2016,3.64,3.80,3.61,3.66,3.66,21529600.0
May 04 2016,3.54,3.67,3.54,3.60,3.60,8688500.0
May 03 2016,3.70,3.71,3.58,3.60,3.60,13784800.0
May 02 2016,3.58,3.75,3.57,3.74,3.74,16972800.0
Apr 29 2016,3.69,3.69,3.45,3.55,3.55,17717800.0
Apr 28 2016,3.69,3.80,3.60,3.61,3.61,20230000.0
Apr 27 2016,3.55,3.75,3.53,3.73,3.73,24186800.0
Apr 26 2016,3.45,3.75,3.44,3.66,3.66,36336900.0
Apr 25 2016,3.81,3.82,3.31,3.45,3.45,80607900.0
Apr 22 2016,3.19,3.99,3.18,3.99,3.99,143265300.0
Apr 21 2016,2.65,2.70,2.60,2.62,2.62,13957200.0
Apr 20 2016,2.62,2.72,2.61,2.70,2.70,7926100.0
Apr 19 2016,2.78,2.78,2.61,2.62,2.62,11719900.0
Apr 18 2016,2.67,2.80,2.65,2.76,2.76,8923100.0
Apr 15 2016,2.72,2.75,2.68,2.70,2.70,7487500.0
Apr 14 2016,2.77,2.79,2.70,2.72,2.72,8935400.0
Apr 13 2016,2.78,2.82,2.73,2.80,2.80,8048000.0
Apr 12 2016,2.79,2.85,2.76,2.81,2.81,16110100.0
Apr 11 2016,2.76,2.82,2.74,2.76,2.76,9045100.0
Apr 08 2016,2.70,2.76,2.68,2.74,2.74,8489000.0
Apr 07 2016,2.76,2.83,2.61,2.64,2.64,13479200.0
Apr 06 2016,2.75,2.80,2.72,2.80,2.80,12473400.0
Apr 05 2016,2.76,2.84,2.72,2.76,2.76,9640200.0
Apr 04 2016,2.83,2.87,2.80,2.83,2.83,5591100.0
Apr 01 2016,2.79,2.88,2.76,2.83,2.83,8257700.0
Mar 31 2016,2.84,2.88,2.80,2.85,2.85,9071500.0
Mar 30 2016,2.88,2.98,2.85,2.86,2.86,14945900.0
Mar 29 2016,2.74,2.88,2.70,2.86,2.86,13566000.0
Mar 28 2016,2.81,2.84,2.73,2.78,2.78,7683700.0
Mar 24 2016,2.69,2.81,2.62,2.79,2.79,10040200.0
Mar 23 2016,2.80,2.83,2.68,2.68,2.68,10167100.0
Mar 22 2016,2.73,2.85,2.71,2.79,2.79,10315800.0
Mar 21 2016,2.90,2.90,2.75,2.80,2.80,13464900.0
Mar 18 2016,2.80,2.93,2.77,2.93,2.93,26330500.0
Mar 17 2016,2.77,2.81,2.70,2.80,2.80,29000800.0
Mar 16 2016,2.50,2.64,2.49,2.63,2.63,13015700.0
Mar 15 2016,2.67,2.69,2.45,2.49,2.49,21573600.0
Mar 14 2016,2.53,2.75,2.50,2.72,2.72,33848000.0
Mar 11 2016,2.29,2.54,2.29,2.52,2.52,21382400.0
Mar 10 2016,2.29,2.31,2.15,2.26,2.26,9603500.0
Mar 09 2016,2.32,2.35,2.20,2.26,2.26,13082400.0
Mar 08 2016,2.44,2.46,2.30,2.30,2.30,10026900.0
Mar 07 2016,2.36,2.47,2.36,2.47,2.47,8754300.0
Mar 04 2016,2.42,2.50,2.34,2.37,2.37,15449000.0
Mar 03 2016,2.32,2.55,2.30,2.46,2.46,22065300.0
Mar 02 2016,2.20,2.33,2.18,2.32,2.32,10845700.0
Mar 01 2016,2.16,2.20,2.12,2.18,2.18,9011200.0
Feb 29 2016,2.06,2.15,2.05,2.14,2.14,11400300.0
Feb 26 2016,2.04,2.10,2.03,2.07,2.07,7911500.0
Feb 25 2016,2.02,2.04,1.98,2.03,2.03,5579800.0
Feb 24 2016,1.98,2.04,1.93,2.02,2.02,6906200.0
Feb 23 2016,2.04,2.06,1.97,1.97,1.97,6710600.0
Feb 22 2016,1.94,2.04,1.93,2.01,2.01,9895500.0
Feb 19 2016,1.93,1.93,1.83,1.91,1.91,7784100.0
Feb 18 2016,1.93,1.98,1.90,1.91,1.91,10823400.0
Feb 17 2016,1.85,1.94,1.85,1.90,1.90,13770200.0
Feb 16 2016,1.86,1.90,1.82,1.83,1.83,11853400.0
Feb 12 2016,1.89,1.91,1.82,1.83,1.83,9957300.0
Feb 11 2016,1.82,1.94,1.81,1.86,1.86,7858300.0
Feb 10 2016,1.92,1.98,1.83,1.84,1.84,9466100.0
Feb 09 2016,1.89,2.00,1.85,1.90,1.90,14626600.0
Feb 08 2016,1.97,1.98,1.87,1.93,1.93,11589000.0
Feb 05 2016,2.06,2.08,1.98,1.98,1.98,7914400.0
Feb 04 2016,2.06,2.17,2.03,2.09,2.09,8278600.0
Feb 03 2016,2.04,2.08,1.95,2.07,2.07,9978600.0
Feb 02 2016,2.11,2.14,1.96,1.99,1.99,11224100.0
Feb 01 2016,2.17,2.19,2.11,2.14,2.14,8816100.0
Jan 29 2016,2.09,2.20,2.07,2.20,2.20,11998100.0
Jan 28 2016,2.16,2.17,2.07,2.08,2.08,7118400.0
Jan 27 2016,2.08,2.18,2.07,2.13,2.13,10833200.0
Jan 26 2016,2.14,2.15,2.03,2.07,2.07,11092900.0
Jan 25 2016,2.01,2.15,2.01,2.12,2.12,13080900.0
Jan 22 2016,2.11,2.17,1.98,2.02,2.02,16245500.0
Jan 21 2016,1.82,2.18,1.81,2.09,2.09,26387900.0
Jan 20 2016,1.81,1.95,1.75,1.80,1.80,29243600.0
Jan 19 2016,2.08,2.11,1.90,1.95,1.95,18978900.0
Jan 15 2016,2.10,2.13,1.99,2.03,2.03,21199300.0
Jan 14 2016,2.29,2.35,2.21,2.21,2.21,15666600.0
Jan 13 2016,2.40,2.45,2.21,2.25,2.25,12749700.0
Jan 12 2016,2.40,2.46,2.28,2.39,2.39,17986100.0
Jan 11 2016,2.16,2.36,2.12,2.34,2.34,19623600.0
Jan 08 2016,2.36,2.42,2.10,2.14,2.14,31822400.0
Jan 07 2016,2.43,2.48,2.26,2.28,2.28,22203500.0
Jan 06 2016,2.66,2.71,2.47,2.51,2.51,23759400.0
Jan 05 2016,2.77,2.80,2.64,2.75,2.75,12972300.0
Jan 04 2016,2.77,2.82,2.63,2.77,2.77,32516800.0
Dec 31 2015,2.97,3.01,2.87,2.87,2.87,11086100.0
Dec 30 2015,2.99,3.04,2.93,2.98,2.98,10046600.0
Dec 29 2015,3.04,3.06,2.97,3.00,3.00,15300900.0
Dec 28 2015,2.91,3.02,2.86,3.00,3.00,15926600.0
Dec 24 2015,2.88,3.00,2.86,2.92,2.92,11900900.0
Dec 23 2015,2.76,2.94,2.75,2.83,2.83,30365300.0
Dec 22 2015,2.55,2.78,2.54,2.77,2.77,24538700.0
Dec 21 2015,2.47,2.53,2.43,2.53,2.53,6876600.0
Dec 18 2015,2.51,2.55,2.42,2.45,2.45,17988100.0
Dec 17 2015,2.52,2.60,2.52,2.56,2.56,11374100.0
Dec 16 2015,2.39,2.55,2.37,2.54,2.54,19543600.0
Dec 15 2015,2.35,2.43,2.32,2.36,2.36,7423900.0
Dec 14 2015,2.36,2.39,2.30,2.34,2.34,7625700.0
Dec 11 2015,2.41,2.47,2.36,2.36,2.36,11890000.0
Dec 10 2015,2.36,2.50,2.33,2.45,2.45,13066300.0
Dec 09 2015,2.37,2.40,2.32,2.35,2.35,8710000.0
Dec 08 2015,2.34,2.40,2.25,2.39,2.39,9055500.0
Dec 07 2015,2.26,2.36,2.21,2.36,2.36,8479600.0
Dec 04 2015,2.23,2.29,2.21,2.28,2.28,4572600.0
